{"cameraMode":{"drawMode":0,"name":"Shaded","section":"Shading Mode"},"sceneLighting":false,"audioPlay":false,"sceneViewState":{"m_AlwaysRefresh":false,"showFog":true,"showSkybox":false,"showFlares":true,"showImageEffects":true,"showParticleSystems":true,"showVisualEffectGraphs":true,"m_FxEnabled":true},"in2DMode":false,"pivot":{"x":-0.12601301074028016,"y":0.1821235716342926,"z":-0.2278357595205307},"rotation":{"x":0.03045135922729969,"y":-0.3408413529396057,"z":0.011045397259294987,"w":0.9395670890808106},"size":0.24716950953006745,"orthographic":false}