{"cameraMode":{"drawMode":0,"name":"Shaded","section":"Shading Mode"},"sceneLighting":false,"audioPlay":false,"sceneViewState":{"m_AlwaysRefresh":false,"showFog":false,"showSkybox":false,"showFlares":false,"showImageEffects":false,"showParticleSystems":false,"showVisualEffectGraphs":true,"m_FxEnabled":true},"in2DMode":false,"pivot":{"x":0.0013467669486999512,"y":0.8340067267417908,"z":0.06039674952626228},"rotation":{"x":0.005646921694278717,"y":0.9925535321235657,"z":-0.05066419020295143,"w":0.11062818765640259},"size":1.3038004636764527,"orthographic":true}