{"cameraMode":{"drawMode":0,"name":"Shaded","section":"Shading Mode"},"sceneLighting":false,"audioPlay":false,"sceneViewState":{"m_AlwaysRefresh":false,"showFog":true,"showSkybox":false,"showFlares":true,"showImageEffects":true,"showParticleSystems":true,"showVisualEffectGraphs":true,"m_FxEnabled":true},"in2DMode":false,"pivot":{"x":-0.02422572486102581,"y":0.016338706016540529,"z":0.023877203464508058},"rotation":{"x":0.4670988619327545,"y":-0.0013274392113089562,"z":0.0007027288083918393,"w":0.884217381477356},"size":0.8660253882408142,"orthographic":false}